REGD.NO,NAME,SE,PADCOM,CNS,CLSA,TDFSDIII,IIC,SELab,CNSLab,ADSLab,AJPLab,QALR,ADS,AJP,NPTELOE,IDPII,cepb,CSEVAC,library,Counseling,TOTAL%,PhoneNumber,ParentNumber
221FA04046,"SAIBHARGAV
REDDYKATASANI",24(70.59%),23(76.67%),15(46.88%),80(80.00%),0(0.0%),14(100.00%),12(100.00%),11(100.00%),0(0.0%),6(54.55%),18(85.71%),0(0.0%),24(72.73%),0(0.0%),13(68.42%),8(100.00%),0(0.0%),0(0.0%),3(60.00%),77,9392311240,9392311240
221FA04057,PATHANSADIQKHAN,25(73.53%),30(100.00%),24(75.00%),90(90.00%),0(0.0%),14(100.00%),10(83.33%),11(100.00%),0(0.0%),10(90.91%),19(90.48%),0(0.0%),29(87.88%),0(0.0%),18(94.74%),8(100.00%),0(0.0%),0(0.0%),4(80.00%),89,9392311240,9392311240
221FA04085,BAILADUGUSOMASEKHAR,25(73.53%),28(93.33%),23(71.88%),80(80.00%),0(0.0%),12(85.71%),10(83.33%),7(63.64%),12(85.71%),0(0.0%),19(90.48%),26(63.41%),0(0.0%),0(0.0%),16(84.21%),8(100.00%),0(0.0%),0(0.0%),4(80.00%),80,9392311240,9392311240
221FA04089,ANNAPUREDDYKAVYA,27(79.41%),29(96.67%),28(87.50%),92(92.00%),0(0.0%),14(100.00%),12(100.00%),11(100.00%),14(100.00%),0(0.0%),17(80.95%),33(80.49%),0(0.0%),0(0.0%),18(94.74%),7(87.50%),0(0.0%),0(0.0%),4(80.00%),90,9392311240,9392311240
221FA04170,NEPPALLIHARIVINOD,30(88.24%),28(93.33%),28(87.50%),87(87.00%),0(0.0%),14(100.00%),12(100.00%),11(100.00%),12(85.71%),0(0.0%),21(100.00%),37(90.24%),0(0.0%),0(0.0%),18(94.74%),8(100.00%),0(0.0%),0(0.0%),5(100.00%),92,9392311240,9392311240
221FA04212,BHAVIRISETTYVEDAPRAKASH,29(85.29%),28(93.33%),25(78.12%),89(89.00%),0(0.0%),14(100.00%),12(100.00%),11(100.00%),12(85.71%),0(0.0%),21(100.00%),38(92.68%),0(0.0%),0(0.0%),17(89.47%),8(100.00%),0(0.0%),0(0.0%),5(100.00%),91,9392311240,9392311240
221FA04216,"UPPALA
SUDHARSAN",29(85.29%),27(90.00%),26(81.25%),85(85.00%),0(0.0%),14(100.00%),12(100.00%),11(100.00%),12(85.71%),0(0.0%),21(100.00%),37(90.24%),0(0.0%),0(0.0%),18(94.74%),8(100.00%),0(0.0%),0(0.0%),5(100.00%),90,9392311240,9392311240
221FA04233,GORRELAPADMASAI,26(76.47%),28(93.33%),25(78.12%),79(79.00%),0(0.0%),14(100.00%),11(91.67%),11(100.00%),10(71.43%),0(0.0%),20(95.24%),36(87.80%),0(0.0%),0(0.0%),16(84.21%),8(100.00%),0(0.0%),0(0.0%),5(100.00%),85,9392311240,9392311240
221FA04234,MASIMUKKUNAGASURYACHARAN,28(82.35%),27(90.00%),24(75.00%),79(79.00%),0(0.0%),14(100.00%),11(91.67%),11(100.00%),12(85.71%),0(0.0%),21(100.00%),34(82.93%),0(0.0%),0(0.0%),18(94.74%),8(100.00%),0(0.0%),0(0.0%),4(80.00%),86,9392311240,9392311240
221FA04236,"POTTI
JAGATRAYEE",26(76.47%),23(76.67%),23(71.88%),79(79.00%),0(0.0%),14(100.00%),10(83.33%),9(81.82%),12(85.71%),0(0.0%),21(100.00%),31(75.61%),0(0.0%),0(0.0%),15(78.95%),6(75.00%),0(0.0%),0(0.0%),4(80.00%),81,9392311240,9392311240
221FA04252,YSANTHOSHINICHARISHMA,30(88.24%),29(96.67%),26(81.25%),0(0.0%),0(0.0%),14(100.00%),12(100.00%),11(100.00%),14(100.00%),0(0.0%),20(95.24%),36(87.80%),0(0.0%),0(0.0%),16(84.21%),8(100.00%),0(0.0%),0(0.0%),5(100.00%),92,9392311240,9392311240
221FA04276,CHEETHIRALAVENKATASIVAPAVITHRA,28(82.35%),26(86.67%),30(93.75%),96(96.00%),0(0.0%),14(100.00%),12(100.00%),9(81.82%),12(85.71%),0(0.0%),20(95.24%),36(87.80%),0(0.0%),0(0.0%),16(84.21%),8(100.00%),0(0.0%),0(0.0%),5(100.00%),92,9392311240,9392311240
221FA04331,VELLACHANDANASRI,28(82.35%),27(90.00%),26(81.25%),89(89.00%),0(0.0%),14(100.00%),11(91.67%),9(81.82%),12(85.71%),0(0.0%),21(100.00%),36(87.80%),0(0.0%),0(0.0%),17(89.47%),8(100.00%),0(0.0%),0(0.0%),3(60.00%),89,9392311240,9392311240
221FA04337,POOJABOPPANA,27(79.41%),27(90.00%),26(81.25%),90(90.00%),0(0.0%),14(100.00%),12(100.00%),11(100.00%),12(85.71%),0(0.0%),21(100.00%),37(90.24%),0(0.0%),0(0.0%),17(89.47%),8(100.00%),0(0.0%),0(0.0%),3(60.00%),90,9392311240,9392311240
221FA04381,MAKHAMBALALAKSHMISUJITH,26(76.47%),28(93.33%),22(68.75%),81(81.00%),0(0.0%),14(100.00%),11(91.67%),9(81.82%),12(85.71%),0(0.0%),16(76.19%),33(80.49%),0(0.0%),0(0.0%),14(73.68%),8(100.00%),0(0.0%),0(0.0%),4(80.00%),82,9392311240,9392311240
221FA04385,GANJAMNAGASAISATYASAHITHI,31(91.18%),30(100.00%),26(81.25%),100(100.00%),0(0.0%),14(100.00%),12(100.00%),11(100.00%),14(100.00%),0(0.0%),21(100.00%),39(95.12%),0(0.0%),0(0.0%),17(89.47%),8(100.00%),0(0.0%),0(0.0%),4(80.00%),96,9392311240,9392311240
221FA04394,"BOLLIMUNTHA
AMARENDRANADH",27(79.41%),27(90.00%),26(81.25%),91(91.00%),0(0.0%),14(100.00%),9(75.00%),9(81.82%),12(85.71%),0(0.0%),17(80.95%),35(85.37%),0(0.0%),0(0.0%),15(78.95%),8(100.00%),0(0.0%),0(0.0%),5(100.00%),87,9392311240,9392311240
221FA04397,VUYYURUMADHURI,28(82.35%),28(93.33%),23(71.88%),90(90.00%),0(0.0%),14(100.00%),12(100.00%),11(100.00%),12(85.71%),0(0.0%),21(100.00%),35(85.37%),0(0.0%),0(0.0%),16(84.21%),8(100.00%),0(0.0%),0(0.0%),4(80.00%),89,9392311240,9392311240
221FA04402,SHAIKRUHI,32(94.12%),30(100.00%),28(87.50%),100(100.00%),0(0.0%),14(100.00%),12(100.00%),11(100.00%),14(100.00%),0(0.0%),21(100.00%),40(97.56%),0(0.0%),0(0.0%),18(94.74%),8(100.00%),0(0.0%),0(0.0%),5(100.00%),98,9392311240,9392311240
221FA04404,DHADIRAVALI,29(85.29%),30(100.00%),29(90.62%),95(95.00%),0(0.0%),14(100.00%),8(66.67%),9(81.82%),14(100.00%),0(0.0%),17(80.95%),37(90.24%),0(0.0%),0(0.0%),18(94.74%),8(100.00%),0(0.0%),0(0.0%),5(100.00%),92,9392311240,9392311240
221FA04418,MODEPALLIALEKHYA,25(73.53%),28(93.33%),23(71.88%),88(88.00%),0(0.0%),14(100.00%),11(91.67%),9(81.82%),10(71.43%),0(0.0%),21(100.00%),35(85.37%),0(0.0%),0(0.0%),16(84.21%),8(100.00%),0(0.0%),0(0.0%),4(80.00%),86,9392311240,9392311240
221FA04422,"SRUJANA
RAJAVARAPU",31(91.18%),30(100.00%),26(81.25%),92(92.00%),0(0.0%),14(100.00%),10(83.33%),11(100.00%),14(100.00%),0(0.0%),21(100.00%),36(87.80%),0(0.0%),0(0.0%),17(89.47%),8(100.00%),0(0.0%),0(0.0%),4(80.00%),93,9392311240,9392311240
221FA04428,SRIKAKARLAPUDINAVYANTHVARMA,27(79.41%),29(96.67%),26(81.25%),88(88.00%),0(0.0%),14(100.00%),10(83.33%),11(100.00%),12(85.71%),0(0.0%),21(100.00%),36(87.80%),0(0.0%),0(0.0%),18(94.74%),8(100.00%),0(0.0%),0(0.0%),4(80.00%),90,9392311240,9392311240
221FA04436,LIKHITHAGOPALAM,28(82.35%),28(93.33%),29(90.62%),90(90.00%),0(0.0%),14(100.00%),9(75.00%),11(100.00%),12(85.71%),0(0.0%),17(80.95%),34(82.93%),0(0.0%),0(0.0%),16(84.21%),8(100.00%),0(0.0%),0(0.0%),4(80.00%),88,9392311240,9392311240
221FA04438,"CHARITHASRIVENKATA
PADMAVATHIKOTHA",33(97.06%),30(100.00%),30(93.75%),98(98.00%),0(0.0%),14(100.00%),12(100.00%),11(100.00%),14(100.00%),0(0.0%),21(100.00%),40(97.56%),0(0.0%),0(0.0%),19(100.00%),8(100.00%),0(0.0%),0(0.0%),4(80.00%),98,9392311240,9392311240
221FA04447,NIMMAGADDASREEVIJAY,32(94.12%),28(93.33%),28(87.50%),92(92.00%),0(0.0%),14(100.00%),7(58.33%),11(100.00%),14(100.00%),0(0.0%),19(90.48%),31(75.61%),0(0.0%),0(0.0%),18(94.74%),8(100.00%),0(0.0%),0(0.0%),4(80.00%),90,9392311240,9392311240
221FA04448,"BALISETTI
BHANULATHA",31(91.18%),28(93.33%),25(78.12%),100(100.00%),0(0.0%),14(100.00%),12(100.00%),11(100.00%),14(100.00%),0(0.0%),21(100.00%),38(92.68%),0(0.0%),0(0.0%),17(89.47%),8(100.00%),0(0.0%),0(0.0%),3(60.00%),95,9392311240,9392311240
221FA04450,TIRUMALASETTYRAMAARSHITHA,33(97.06%),30(100.00%),29(90.62%),100(100.00%),0(0.0%),14(100.00%),12(100.00%),9(81.82%),14(100.00%),0(0.0%),21(100.00%),40(97.56%),0(0.0%),0(0.0%),19(100.00%),8(100.00%),0(0.0%),0(0.0%),4(80.00%),98,9392311240,9392311240
221FA04463,NELAVELLISRILAKSHMI,26(76.47%),27(90.00%),24(75.00%),87(87.00%),0(0.0%),14(100.00%),9(75.00%),11(100.00%),12(85.71%),0(0.0%),19(90.48%),32(78.05%),0(0.0%),0(0.0%),16(84.21%),8(100.00%),0(0.0%),0(0.0%),2(40.00%),85,9392311240,9392311240
221FA04465,TULSIGUPTA,25(73.53%),27(90.00%),22(68.75%),86(86.00%),0(0.0%),12(85.71%),11(91.67%),11(100.00%),0(0.0%),6(54.55%),19(90.48%),0(0.0%),27(81.82%),0(0.0%),16(84.21%),8(100.00%),0(0.0%),0(0.0%),4(80.00%),84,9392311240,9392311240
221FA04471,MANDADAPUJHANSI,28(82.35%),28(93.33%),28(87.50%),90(90.00%),0(0.0%),12(85.71%),12(100.00%),11(100.00%),12(85.71%),0(0.0%),21(100.00%),38(92.68%),0(0.0%),0(0.0%),17(89.47%),8(100.00%),0(0.0%),0(0.0%),5(100.00%),91,9392311240,9392311240
221FA04473,BATTULAHIMABINDU,34(100.00%),30(100.00%),32(100.00%),100(100.00%),0(0.0%),14(100.00%),12(100.00%),11(100.00%),14(100.00%),0(0.0%),21(100.00%),40(97.56%),0(0.0%),0(0.0%),19(100.00%),8(100.00%),0(0.0%),0(0.0%),5(100.00%),100,9392311240,9392311240
221FA04474,CHINTHAPALLISATHVIKA,29(85.29%),29(96.67%),24(75.00%),87(87.00%),0(0.0%),14(100.00%),12(100.00%),11(100.00%),12(85.71%),0(0.0%),20(95.24%),38(92.68%),0(0.0%),0(0.0%),18(94.74%),8(100.00%),0(0.0%),0(0.0%),5(100.00%),91,9392311240,9392311240
221FA04476,CHANNAMALLUROHITHA,28(82.35%),28(93.33%),26(81.25%),90(90.00%),0(0.0%),14(100.00%),12(100.00%),11(100.00%),10(71.43%),0(0.0%),21(100.00%),37(90.24%),0(0.0%),0(0.0%),18(94.74%),8(100.00%),0(0.0%),0(0.0%),4(80.00%),91,9392311240,9392311240
221FA04479,KANALASRUJANA,30(88.24%),27(90.00%),29(90.62%),90(90.00%),0(0.0%),14(100.00%),12(100.00%),11(100.00%),10(71.43%),0(0.0%),21(100.00%),40(97.56%),0(0.0%),0(0.0%),19(100.00%),7(87.50%),0(0.0%),0(0.0%),5(100.00%),93,9392311240,9392311240
221FA04480,TATADHANYASRI,26(76.47%),28(93.33%),19(59.38%),87(87.00%),0(0.0%),14(100.00%),11(91.67%),11(100.00%),10(71.43%),0(0.0%),21(100.00%),37(90.24%),0(0.0%),0(0.0%),17(89.47%),7(87.50%),0(0.0%),0(0.0%),4(80.00%),86,9392311240,9392311240
221FA04482,VENNAPUSASIVAHARSHITHA,30(88.24%),27(90.00%),29(90.62%),92(92.00%),0(0.0%),14(100.00%),12(100.00%),11(100.00%),12(85.71%),0(0.0%),21(100.00%),39(95.12%),0(0.0%),0(0.0%),18(94.74%),8(100.00%),0(0.0%),0(0.0%),5(100.00%),94,9392311240,9392311240
221FA04490,REDROUTHUSARATHSAI,29(85.29%),28(93.33%),29(90.62%),94(94.00%),0(0.0%),12(85.71%),11(91.67%),11(100.00%),0(0.0%),10(90.91%),21(100.00%),0(0.0%),30(90.91%),0(0.0%),18(94.74%),7(87.50%),0(0.0%),0(0.0%),3(60.00%),92,9392311240,9392311240
221FA04494,KOTHAPALLIVENKATASAISANDEEP,27(79.41%),25(83.33%),27(84.38%),86(86.00%),0(0.0%),12(85.71%),11(91.67%),9(81.82%),0(0.0%),10(90.91%),21(100.00%),0(0.0%),23(69.70%),0(0.0%),15(78.95%),8(100.00%),0(0.0%),0(0.0%),4(80.00%),85,9392311240,9392311240
221FA04502,YAMPATILAVANYA,27(79.41%),27(90.00%),24(75.00%),84(84.00%),0(0.0%),14(100.00%),10(83.33%),11(100.00%),10(71.43%),0(0.0%),19(90.48%),32(78.05%),0(0.0%),0(0.0%),17(89.47%),8(100.00%),0(0.0%),0(0.0%),2(40.00%),84,9392311240,9392311240
221FA04510,NARLAPATISAIHARSHITHA,28(82.35%),27(90.00%),24(75.00%),88(88.00%),0(0.0%),14(100.00%),12(100.00%),11(100.00%),12(85.71%),0(0.0%),21(100.00%),37(90.24%),0(0.0%),0(0.0%),18(94.74%),8(100.00%),0(0.0%),0(0.0%),4(80.00%),90,9392311240,9392311240
221FA04511,INAMPUDISHANMUKH,27(79.41%),27(90.00%),23(71.88%),92(92.00%),0(0.0%),12(85.71%),11(91.67%),11(100.00%),0(0.0%),10(90.91%),21(100.00%),0(0.0%),28(84.85%),0(0.0%),18(94.74%),8(100.00%),0(0.0%),0(0.0%),2(40.00%),88,9392311240,9392311240
221FA04514,VAKARAVITEJA,29(85.29%),29(96.67%),23(71.88%),83(83.00%),0(0.0%),14(100.00%),12(100.00%),11(100.00%),12(85.71%),0(0.0%),20(95.24%),38(92.68%),0(0.0%),0(0.0%),18(94.74%),8(100.00%),0(0.0%),0(0.0%),5(100.00%),89,9392311240,9392311240
221FA04516,VADDERAPUAASHA,29(85.29%),28(93.33%),25(78.12%),89(89.00%),0(0.0%),14(100.00%),11(91.67%),11(100.00%),12(85.71%),0(0.0%),20(95.24%),36(87.80%),0(0.0%),0(0.0%),17(89.47%),8(100.00%),0(0.0%),0(0.0%),4(80.00%),90,9392311240,9392311240
221FA04524,PENDLIJAYAPRAVEEN,24(70.59%),24(80.00%),22(68.75%),87(87.00%),0(0.0%),12(85.71%),10(83.33%),9(81.82%),0(0.0%),10(90.91%),21(100.00%),0(0.0%),22(66.67%),0(0.0%),15(78.95%),8(100.00%),0(0.0%),0(0.0%),3(60.00%),81,9392311240,9392311240
221FA04538,KETHAVATHPALLAVI,31(91.18%),29(96.67%),28(87.50%),96(96.00%),0(0.0%),14(100.00%),12(100.00%),9(81.82%),14(100.00%),0(0.0%),21(100.00%),37(90.24%),0(0.0%),0(0.0%),17(89.47%),8(100.00%),0(0.0%),0(0.0%),5(100.00%),95,9392311240,9392311240
221FA04585,GADDESAI,26(76.47%),26(86.67%),25(78.12%),96(96.00%),0(0.0%),12(85.71%),10(83.33%),11(100.00%),0(0.0%),8(72.73%),21(100.00%),0(0.0%),28(84.85%),0(0.0%),18(94.74%),7(87.50%),0(0.0%),0(0.0%),3(60.00%),89,9392311240,9392311240
221FA04606,GURRAMLAAHIRI,31(91.18%),28(93.33%),30(93.75%),95(95.00%),0(0.0%),12(85.71%),12(100.00%),11(100.00%),12(85.71%),0(0.0%),21(100.00%),37(90.24%),0(0.0%),0(0.0%),18(94.74%),8(100.00%),0(0.0%),0(0.0%),5(100.00%),94,9392311240,9392311240
221FA04615,"ADIGOPPULALAKSHMI
NIHARIKA",26(76.47%),29(96.67%),27(84.38%),90(90.00%),0(0.0%),12(85.71%),8(66.67%),9(81.82%),14(100.00%),0(0.0%),19(90.48%),30(73.17%),0(0.0%),0(0.0%),14(73.68%),8(100.00%),0(0.0%),0(0.0%),4(80.00%),86,9392311240,9392311240
221FA04621,"NANDIGAM
MONIKASRISAIANUHYA",33(97.06%),28(93.33%),29(90.62%),91(91.00%),0(0.0%),14(100.00%),12(100.00%),9(81.82%),12(85.71%),0(0.0%),20(95.24%),35(85.37%),0(0.0%),0(0.0%),17(89.47%),8(100.00%),0(0.0%),0(0.0%),4(80.00%),92,9392311240,9392311240
221FA04627,PARVATHAREDDYSAIVEDAGNA,33(97.06%),29(96.67%),31(96.88%),100(100.00%),0(0.0%),14(100.00%),12(100.00%),11(100.00%),14(100.00%),0(0.0%),21(100.00%),40(97.56%),0(0.0%),0(0.0%),16(84.21%),8(100.00%),0(0.0%),0(0.0%),5(100.00%),98,9392311240,9392311240
221FA04632,KANNAKAVYANANDINI,29(85.29%),29(96.67%),26(81.25%),88(88.00%),0(0.0%),14(100.00%),12(100.00%),11(100.00%),14(100.00%),0(0.0%),20(95.24%),36(87.80%),0(0.0%),0(0.0%),15(78.95%),8(100.00%),0(0.0%),0(0.0%),5(100.00%),91,9392311240,9392311240
221FA04642,PODILINAGAMOUNIKA,26(76.47%),27(90.00%),24(75.00%),86(86.00%),0(0.0%),12(85.71%),10(83.33%),9(81.82%),14(100.00%),0(0.0%),20(95.24%),30(73.17%),0(0.0%),0(0.0%),12(63.16%),8(100.00%),0(0.0%),0(0.0%),3(60.00%),83,9392311240,9392311240
221FA04656,"SANKABATTULALAKSHMI
PRAVALLIKA",28(82.35%),26(86.67%),26(81.25%),91(91.00%),0(0.0%),14(100.00%),12(100.00%),11(100.00%),12(85.71%),0(0.0%),21(100.00%),35(85.37%),0(0.0%),0(0.0%),17(89.47%),8(100.00%),0(0.0%),0(0.0%),4(80.00%),90,9392311240,9392311240
221FA04660,PALEPUMNVSLSPRABHAVATHI,29(85.29%),27(90.00%),26(81.25%),90(90.00%),0(0.0%),12(85.71%),12(100.00%),11(100.00%),12(85.71%),0(0.0%),21(100.00%),37(90.24%),0(0.0%),0(0.0%),17(89.47%),8(100.00%),0(0.0%),0(0.0%),4(80.00%),90,9392311240,9392311240
221FA04666,BAJJURISRUTHI,30(88.24%),28(93.33%),24(75.00%),92(92.00%),0(0.0%),14(100.00%),12(100.00%),11(100.00%),12(85.71%),0(0.0%),21(100.00%),36(87.80%),0(0.0%),0(0.0%),17(89.47%),8(100.00%),0(0.0%),0(0.0%),4(80.00%),91,9392311240,9392311240
221FA04668,TUMMALASAICHAITANYA,32(94.12%),29(96.67%),28(87.50%),88(88.00%),0(0.0%),14(100.00%),12(100.00%),11(100.00%),14(100.00%),0(0.0%),21(100.00%),36(87.80%),0(0.0%),0(0.0%),17(89.47%),8(100.00%),0(0.0%),0(0.0%),5(100.00%),93,9392311240,9392311240
221FA04669,MUSKANKESHRI,25(73.53%),26(86.67%),23(71.88%),94(94.00%),0(0.0%),12(85.71%),11(91.67%),11(100.00%),0(0.0%),10(90.91%),19(90.48%),0(0.0%),26(78.79%),0(0.0%),16(84.21%),8(100.00%),0(0.0%),0(0.0%),3(60.00%),87,9392311240,9392311240
221FA04671,TUMMALAAKASH,32(94.12%),30(100.00%),28(87.50%),88(88.00%),0(0.0%),14(100.00%),12(100.00%),11(100.00%),0(0.0%),10(90.91%),21(100.00%),0(0.0%),24(72.73%),0(0.0%),16(84.21%),8(100.00%),0(0.0%),0(0.0%),4(80.00%),91,9392311240,9392311240
221FA04675,MALLELAMEGHANA,23(67.65%),27(90.00%),22(68.75%),82(82.00%),0(0.0%),14(100.00%),10(83.33%),11(100.00%),0(0.0%),8(72.73%),21(100.00%),0(0.0%),26(78.79%),0(0.0%),15(78.95%),8(100.00%),0(0.0%),0(0.0%),4(80.00%),83,9392311240,9392311240
221FA04687,BALUSUDIVYASNEHITHA,29(85.29%),27(90.00%),25(78.12%),90(90.00%),0(0.0%),14(100.00%),11(91.67%),11(100.00%),12(85.71%),0(0.0%),21(100.00%),38(92.68%),0(0.0%),0(0.0%),17(89.47%),8(100.00%),0(0.0%),0(0.0%),3(60.00%),90,9392311240,9392311240
221FA04692,INDUPALLIROHITH,29(85.29%),29(96.67%),27(84.38%),98(98.00%),0(0.0%),14(100.00%),12(100.00%),11(100.00%),14(100.00%),0(0.0%),21(100.00%),36(87.80%),0(0.0%),0(0.0%),14(73.68%),8(100.00%),0(0.0%),0(0.0%),3(60.00%),93,9392311240,9392311240
221FA04693,CHERUKURIYAMINI,27(79.41%),26(86.67%),26(81.25%),96(96.00%),0(0.0%),14(100.00%),12(100.00%),7(63.64%),12(85.71%),0(0.0%),21(100.00%),38(92.68%),0(0.0%),0(0.0%),18(94.74%),8(100.00%),0(0.0%),0(0.0%),3(60.00%),91,9392311240,9392311240
221FA04694,RAYAPATILAKSHMIDEEPIKA,30(88.24%),28(93.33%),28(87.50%),89(89.00%),0(0.0%),14(100.00%),12(100.00%),11(100.00%),14(100.00%),0(0.0%),20(95.24%),35(85.37%),0(0.0%),0(0.0%),16(84.21%),8(100.00%),0(0.0%),0(0.0%),4(80.00%),91,9392311240,9392311240
221FA04695,RAYAPATIVAISHNAVI,30(88.24%),29(96.67%),29(90.62%),87(87.00%),0(0.0%),14(100.00%),12(100.00%),11(100.00%),14(100.00%),0(0.0%),20(95.24%),37(90.24%),0(0.0%),0(0.0%),17(89.47%),8(100.00%),0(0.0%),0(0.0%),5(100.00%),92,9392311240,9392311240
221FA04698,PEDDIAMRUTHANAGAVALLI,28(82.35%),25(83.33%),27(84.38%),95(95.00%),0(0.0%),14(100.00%),12(100.00%),9(81.82%),10(71.43%),0(0.0%),21(100.00%),35(85.37%),0(0.0%),0(0.0%),16(84.21%),8(100.00%),0(0.0%),0(0.0%),3(60.00%),89,9392311240,9392311240
221FA04703,PONNAGANTIDIVIJA,28(82.35%),27(90.00%),25(78.12%),82(82.00%),0(0.0%),14(100.00%),11(91.67%),11(100.00%),14(100.00%),0(0.0%),20(95.24%),36(87.80%),0(0.0%),0(0.0%),15(78.95%),8(100.00%),0(0.0%),0(0.0%),5(100.00%),87,9392311240,9392311240
221FA04707,AMITKUMAR,26(76.47%),27(90.00%),22(68.75%),73(73.00%),0(0.0%),14(100.00%),10(83.33%),11(100.00%),14(100.00%),0(0.0%),18(85.71%),34(82.93%),0(0.0%),0(0.0%),13(68.42%),8(100.00%),0(0.0%),0(0.0%),5(100.00%),81,9392311240,9392311240
221FA04725,ADITYAKUMAR,33(97.06%),30(100.00%),30(93.75%),96(96.00%),0(0.0%),12(85.71%),10(83.33%),11(100.00%),14(100.00%),0(0.0%),21(100.00%),36(87.80%),0(0.0%),0(0.0%),19(100.00%),8(100.00%),0(0.0%),0(0.0%),4(80.00%),96,9392311240,9392311240
221FA04737,ANKITGUPTA,28(82.35%),25(83.33%),26(81.25%),81(81.00%),0(0.0%),14(100.00%),12(100.00%),9(81.82%),14(100.00%),0(0.0%),21(100.00%),32(78.05%),0(0.0%),0(0.0%),16(84.21%),7(87.50%),0(0.0%),0(0.0%),3(60.00%),85,9392311240,9392311240
221FA04746,DINESHGUPTA,27(79.41%),28(93.33%),29(90.62%),79(79.00%),0(0.0%),14(100.00%),11(91.67%),11(100.00%),14(100.00%),0(0.0%),20(95.24%),36(87.80%),0(0.0%),0(0.0%),17(89.47%),6(75.00%),0(0.0%),0(0.0%),4(80.00%),87,9392311240,9392311240
